Feature,Importance
lag_1,0.6676799467398986
lag_3,0.24727360978829885
lag_2,0.08504644347180249
